Season,Name,Team,K/9,BB/9,K/BB,HR/9,K%,BB%,K-BB%,AVG,WHIP,BABIP,LOB%,ERA-,FIP-,xFIP-,ERA,FIP,E-F,xFIP,SIERA,NameASCII,PlayerId,MLBAMID
2012,Dallas Keuchel,HOU,4.007812739,4.113281495,0.97435897,1.476562588,0.10079576,0.10344828,-0.00265252,0.275964392,1.546875092,0.277192982,0.67901235,133.7290216,144.2638041,130.7675203,5.273437814,5.742889753,-0.469451939,5.124210734,5.401586096,Dallas Keuchel,9434,572971
2010,Jake Arrieta,BAL,4.664452418,4.305648386,1.08333333,0.807309072,0.11581292,0.10690423,0.00890869,0.267002519,1.534883915,0.288690476,0.69463549,109.5686167,109.8888207,124.016878,4.664452418,4.762228022,-0.097775603,5.166280973,5.333356489,Jake Arrieta,4153,453562
2019,Félix Hernández,SEA,7.158140551,3.139535329,2.28,2.134884024,0.17538462,0.07692308,0.09846154,0.289115646,1.534883939,0.309090909,0.62906725,145.1584389,134.0822469,112.8521291,6.404652072,6.004707546,0.399944526,5.16925175,5.01970234,Felix Hernandez,4772,433587
2017,R.A. Dickey,ATL,6.442105263,3.173684211,2.02985075,1.231578947,0.16687117,0.08220859,0.08466258,0.261517615,1.368421053,0.289930556,0.73202055,96.22562381,110.2726466,110.6611313,4.263157895,4.720797589,-0.457639694,4.786191488,4.904043651,R.A. Dickey,1245,285079
2019,Rick Porcello,BOS,7.382408101,2.323135416,3.17777778,1.600382176,0.18619792,0.05859375,0.12760417,0.276150628,1.39388125,0.307550645,0.65661479,114.2401734,105.2342465,112.304048,5.523899768,4.76276642,0.761133348,5.143947558,4.858729371,Rick Porcello,2717,519144
2013,Roy Halladay,PHI,7.403226717,5.225807095,1.41666667,1.741935698,0.18085106,0.12765957,0.05319149,0.233050847,1.467742116,0.248554913,0.62945368,181.9492758,160.3611834,135.8180141,6.822581485,6.14462895,0.677952534,5.104826784,4.855112697,Roy Halladay,1303,136880
2019,Jake Arrieta,PHI,7.297297024,3.383292256,2.15686275,1.393120341,0.18518519,0.08585859,0.0993266,0.277985075,1.474201419,0.316049383,0.73761261,104.6048002,107.5161547,100.5307212,4.64373447,4.887228086,-0.243493617,4.458487822,4.819960187,Jake Arrieta,4153,453562
2016,R.A. Dickey,TOR,6.683693731,3.341846865,2,1.485265274,0.17307692,0.08653846,0.08653846,0.256449165,1.367387077,0.279207921,0.70925553,106.1202478,118.0974692,112.0771001,4.455795821,5.026717614,-0.570921793,4.756362454,4.805080602,R.A. Dickey,1245,285079
2015,R.A. Dickey,TOR,5.29082401,2.561430672,2.06557377,1.049766669,0.14253394,0.06900452,0.07352941,0.240147783,1.194401187,0.257186082,0.73275862,96.25511471,110.0180878,116.7674284,3.905132008,4.481960716,-0.576828708,4.714408012,4.761166205,R.A. Dickey,1245,285079
2013,Jake Arrieta,- - -,7.168140806,4.898229551,1.46341463,1.075221121,0.18518519,0.12654321,0.05864198,0.212230216,1.327433483,0.23923445,0.69264069,122.4807699,124.8571214,120.4494178,4.778760538,4.839889577,-0.06112904,4.610631111,4.756325698,Jake Arrieta,4153,453562
2017,Blake Snell,TBR,8.280927184,4.10566978,2.01694915,1.043814351,0.21755027,0.10786106,0.10968921,0.231557377,1.329896803,0.276836158,0.70860927,95.62119743,98.83900572,103.7368161,4.036082157,4.193722087,-0.15763993,4.556487445,4.717147013,Blake Snell,13543,605483
2019,Corey Kluber,CLE,9.588783679,3.785046189,2.53333333,1.00934565,0.22619048,0.08928571,0.13690476,0.293333333,1.654205372,0.37037037,0.63829787,125.2112055,89.59065537,106.6702854,5.80373749,4.055130851,1.748606639,4.883844036,4.683242636,Corey Kluber,2429,446372
2018,Félix Hernández,SEA,7.22698058,3.411134834,2.11864407,1.561027805,0.18248175,0.08613139,0.09635037,0.258957655,1.400428237,0.285714286,0.63995838,134.9600541,123.6651978,109.7952837,5.550321086,5.177562156,0.37275893,4.652165556,4.627291153,Felix Hernandez,4772,433587
2016,Félix Hernández,SEA,7.16086909,3.815217138,1.87692308,1.115217317,0.18625954,0.09923664,0.0870229,0.237931034,1.323912956,0.271070615,0.73497854,95.38083172,111.0499783,104.6929895,3.815217138,4.633516806,-0.818299668,4.44564963,4.625209663,Felix Hernandez,4772,433587
2016,Blake Snell,TBR,9.91011236,5.157303371,1.92156863,0.505617978,0.24438903,0.12718204,0.11720698,0.265714286,1.617977528,0.356275304,0.72992701,86.44139057,82.24682009,102.3659155,3.539325843,3.393751394,0.145574449,4.347729677,4.5308052,Blake Snell,13543,605483
2011,Jake Arrieta,BAL,7.013966779,4.44972086,1.57627119,1.58379895,0.17782027,0.11281071,0.06500956,0.25,1.458100621,0.271676301,0.72678331,120.2580145,126.5763135,111.6893999,5.053072841,5.338235546,-0.285162705,4.52434744,4.524503549,Jake Arrieta,4153,453562
2019,Dallas Keuchel,ATL,7.269230441,3.115384475,2.33333333,1.278106451,0.18685832,0.08008214,0.10677618,0.261958998,1.366863844,0.298192771,0.80369844,83.70711546,107.6389955,91.45464631,3.7544377,4.722885147,-0.968447447,4.059661456,4.394832477,Dallas Keuchel,9434,572971
2010,Rick Porcello,DET,4.647542146,2.102459542,2.21052632,0.995901888,0.12,0.05428571,0.06571429,0.287022901,1.38934461,0.307414105,0.65928778,116.8546185,102.8480912,101.6738527,4.92418156,4.313498473,0.610683087,4.241361366,4.350162735,Rick Porcello,2717,519144
2018,Jake Arrieta,PHI,7.193050617,2.971042646,2.42105263,1.094594659,0.19060773,0.07872928,0.11187845,0.25,1.285714361,0.28742515,0.68136273,98.47867824,101.6482011,100.353244,3.961390195,4.255026235,-0.29363604,4.080049889,4.290269723,Jake Arrieta,4153,453562
2017,Rick Porcello,BOS,8.011476211,2.124590377,3.77083333,1.681967381,0.20451977,0.05423729,0.15028249,0.283995187,1.396721451,0.323529412,0.69679054,101.5910006,106.0158936,100.8708394,4.647541449,4.603541478,0.04399997,4.431076011,4.277166723,Rick Porcello,2717,519144
2017,Félix Hernández,SEA,8.100000951,2.700000317,3,1.765384823,0.21195652,0.07065217,0.14130435,0.255952381,1.292307844,0.286307054,0.76433121,103.7079348,116.3989232,91.59571132,4.361538973,5.01533222,-0.653793246,4.025208397,4.190350244,Felix Hernandez,4772,433587
2014,Justin Verlander,DET,6.946601427,2.839805615,2.44615385,0.786407709,0.17805151,0.07278835,0.10526316,0.270959903,1.398058149,0.317337461,0.66840926,117.8712113,97.92317042,110.5279775,4.543688984,3.743902609,0.799786375,4.191926548,4.169930116,Justin Verlander,8700,434378
2018,Dallas Keuchel,HOU,6.728012862,2.550488536,2.63793103,0.791530925,0.17505721,0.06636156,0.10869565,0.259213759,1.314332215,0.300155521,0.72823434,91.16821217,89.13391783,90.68083277,3.737784923,3.688118859,0.049666064,3.835961277,4.150114372,Dallas Keuchel,9434,572971
2017,Jake Arrieta,CHC,8.714850959,2.940593882,2.96363636,1.229702896,0.23055163,0.07779349,0.15275813,0.23364486,1.217821709,0.278508772,0.72757112,81.62070294,96.0238533,95.13877367,3.528712658,4.155659436,-0.626946778,4.11243706,4.145481303,Jake Arrieta,4153,453562
2011,Rick Porcello,DET,5.142856712,2.274725084,2.26086957,0.890109815,0.13265306,0.05867347,0.07397959,0.287671233,1.406593289,0.315789474,0.67420436,113.7487916,99.81773867,99.38602765,4.747252349,4.058353232,0.688899117,4.021993747,4.127204517,Rick Porcello,2717,519144
2013,R.A. Dickey,TOR,7.090504772,2.844213779,2.49295775,1.402077215,0.18769883,0.07529162,0.11240721,0.240139211,1.23738878,0.264615385,0.73221757,103.5989399,113.6643143,106.6694769,4.206231644,4.579011715,-0.372780071,4.23209028,4.10236487,R.A. Dickey,1245,285079
2014,R.A. Dickey,TOR,7.219474838,3.088099064,2.33783784,1.085007779,0.1892779,0.0809628,0.1083151,0.231234867,1.228748126,0.263157895,0.73371805,95.65352959,112.5111646,109.1398301,3.71406509,4.319269226,-0.605204136,4.1389069,4.084432385,R.A. Dickey,1245,285079
2012,Rick Porcello,DET,5.461247322,2.245746562,2.43181818,0.816635114,0.1366539,0.05619413,0.08045977,0.308321965,1.531190838,0.344262295,0.69006309,110.1670627,93.69683632,93.96714824,4.593572514,3.911087209,0.682485305,3.888895405,4.073870242,Rick Porcello,2717,519144
2017,Justin Verlander,- - -,9.567961165,3.145631068,3.04166667,1.17961165,0.25795053,0.08480565,0.17314488,0.21992238,1.174757282,0.271347249,0.79731028,76.20442103,86.57496687,94.84614099,3.36407767,3.842105714,-0.478028044,4.167442996,4.049665665,Justin Verlander,8700,434378
2017,David Price,BOS,9.160713896,2.89285702,3.16666667,0.964285673,0.23974763,0.07570978,0.16403786,0.224913495,1.191964235,0.27804878,0.77017115,73.77440659,83.73855004,95.60011338,3.374999856,3.639782531,-0.264782675,4.200435853,4.046160049,David Price,3184,456034
2011,Corey Kluber,CLE,10.384623,6.230773802,1.66666667,0,0.2,0.12,0.08,0.3,2.076924601,0.4,0.63636364,211.2755118,104.9736028,131.6379053,8.307698402,4.179233286,4.128465116,5.33885627,4.032006444,Corey Kluber,2429,446372
2011,R.A. Dickey,NYM,5.779552575,2.329073426,2.48148148,0.776357809,0.15296804,0.06164384,0.0913242,0.248462485,1.226837031,0.278366112,0.75062552,88.68488496,99.72060732,102.6733718,3.277955192,3.768197769,-0.490242578,3.953219345,4.005843683,R.A. Dickey,1245,285079
2015,Justin Verlander,DET,7.627499418,2.159999835,3.53125,0.877499933,0.21121495,0.05981308,0.15140187,0.226,1.087499917,0.267379679,0.70878274,82.61816219,84.91831615,102.7471663,3.374999743,3.493593723,-0.11859398,4.151848295,3.952220437,Justin Verlander,8700,434378
2016,Jake Arrieta,CHC,8.665540764,3.466216306,2.5,0.729729749,0.23899371,0.09559748,0.14339623,0.193548387,1.084459487,0.240631164,0.74898785,74.56793849,85.31619627,89.24026156,3.101351431,3.521560393,-0.420208961,3.682944725,3.94448812,Jake Arrieta,4153,453562
2012,Corey Kluber,CLE,7.714285714,2.571428571,3,1.285714286,0.19217082,0.06405694,0.12811388,0.293436293,1.492063492,0.341836735,0.6323185,129.2471551,103.774954,96.42271683,5.142857143,4.284928286,0.857928857,3.989258378,3.939977394,Corey Kluber,2429,446372
2010,R.A. Dickey,NYM,5.369025013,2.168260102,2.47619048,0.671128127,0.14586255,0.05890603,0.08695652,0.247376312,1.187380532,0.276363636,0.77282158,72.89840641,93.04362812,93.82285307,2.839388228,3.645720072,-0.806331844,3.748108623,3.894953441,R.A. Dickey,1245,285079
2014,Rick Porcello,DET,5.672637873,1.802931417,3.14634146,0.791530866,0.15357143,0.04880952,0.10476191,0.265408805,1.231270236,0.297839506,0.72357019,88.97932416,96.12470406,97.08983014,3.429967086,3.674597392,-0.244630306,3.678662728,3.8848927,Rick Porcello,2717,519144
2019,David Price,BOS,10.73291976,2.683229941,4,1.257764035,0.27947598,0.069869,0.20960699,0.257683215,1.313664659,0.335714286,0.70731707,88.44049262,80.28650092,81.77815212,4.276397718,3.623947383,0.652450335,3.734606504,3.853162151,David Price,3184,456034
2010,David Price,TBR,8.108626,3.40734816,2.37974684,0.64696484,0.21835075,0.09175377,0.12659698,0.218790219,1.193290706,0.270034843,0.78540773,68.87364293,83.96430306,91.72918688,2.71725233,3.418098009,-0.700845679,3.829688536,3.826967029,David Price,3184,456034
2018,David Price,BOS,9.051136364,2.556818182,3.54,1.278409091,0.24515235,0.06925208,0.17590028,0.228096677,1.142045455,0.273913043,0.77272727,80.28244011,95.83397784,93.24385432,3.579545455,4.018386121,-0.438840667,3.945404607,3.81948263,David Price,3184,456034
2016,Rick Porcello,BOS,7.627802691,1.291479821,5.90625,0.928251121,0.21235955,0.03595506,0.17640449,0.228402367,1.00896861,0.268562401,0.74344023,71.44338337,80.85007381,91.58926088,3.147982063,3.397681459,-0.249699396,3.894263449,3.779484259,Rick Porcello,2717,519144
2016,Dallas Keuchel,HOU,7.714286415,2.571428805,3,1.071428669,0.20542083,0.06847361,0.13694722,0.258064516,1.285714402,0.303901437,0.68421053,112.7864512,92.38804419,83.04362372,4.553571842,3.872750925,0.680820917,3.534675246,3.769886389,Dallas Keuchel,9434,572971
2018,Rick Porcello,BOS,8.937281755,2.257839601,3.95833333,1.270034776,0.23514851,0.05940594,0.17574257,0.237903226,1.175958126,0.284629981,0.70866142,96.00324733,95.69125865,91.47215697,4.280487577,4.012347907,0.268139671,3.869751534,3.767055823,Rick Porcello,2717,519144
2019,Clayton Kershaw,LAD,9.538318029,2.069158938,4.6097561,1.413084152,0.26770538,0.05807365,0.20963173,0.218702866,1.042990684,0.262331839,0.84005376,71.16710472,86.8051241,78.76547109,3.02803747,3.858869307,-0.830831838,3.502066053,3.7650377,Clayton Kershaw,2036,477132
2015,Rick Porcello,BOS,7.79651232,1.988372269,3.92105263,1.308139651,0.20217096,0.05156038,0.15061058,0.284470247,1.360465237,0.332038835,0.67464115,118.2829515,104.1057963,92.04679718,4.918605088,4.127779885,0.790825203,3.722498506,3.728032954,Rick Porcello,2717,519144
2012,Roy Halladay,PHI,7.599147369,2.072494737,3.66666667,1.036247368,0.20433437,0.05572755,0.14860681,0.256198347,1.221748441,0.301098901,0.69086651,113.8375149,92.63873157,92.22310798,4.490405263,3.689334844,0.80107042,3.601302448,3.695278514,Roy Halladay,1303,136880
2012,Jake Arrieta,BAL,8.555231467,2.747092673,3.11428571,1.255813793,0.21975806,0.07056452,0.14919355,0.26754386,1.369185872,0.320241692,0.5730659,148.5619809,94.57814729,88.08046034,6.200580605,4.053754298,2.146826306,3.648297158,3.663775444,Jake Arrieta,4153,453562
2010,Max Scherzer,DET,8.463372863,3.219761415,2.62857143,0.919931833,0.23,0.0875,0.1425,0.2406639,1.247018707,0.29672447,0.74887892,82.95662376,88.26468317,88.16468665,3.495740965,3.706462512,-0.210721547,3.682131251,3.662304435,Max Scherzer,3137,453286
2016,Jacob deGrom,NYM,8.695945049,2.189188963,3.97222222,0.912162068,0.23675497,0.05960265,0.17715232,0.251327434,1.202702579,0.312039312,0.8,77.70443157,81.9789642,84.08090296,3.040540227,3.32223604,-0.281695813,3.467696141,3.661984005,Jacob deGrom,10954,594798
2013,Dallas Keuchel,HOU,7.203903959,3.045552893,2.36538462,1.171366497,0.18035191,0.07624633,0.10410557,0.2944,1.53579163,0.340248963,0.68075117,128.5867897,105.7059338,90.39385092,5.154012589,4.251758832,0.902253757,3.582177328,3.633006522,Dallas Keuchel,9434,572971
2011,Max Scherzer,DET,8.030768602,2.584615182,3.10714286,1.338461434,0.20888355,0.06722689,0.14165666,0.268831169,1.348717843,0.313932981,0.73670445,106.1655395,101.8895412,91.45544039,4.430768884,4.143334916,0.287433968,3.698183355,3.622804905,Max Scherzer,3137,453286
2017,Dallas Keuchel,HOU,7.723111049,2.903889755,2.65957447,0.926773326,0.2140411,0.08047945,0.13356164,0.21682243,1.118992979,0.255696203,0.79861111,68.67031228,87.3604016,75.42413846,2.903889755,3.789218553,-0.885328799,3.317561278,3.611435602,Dallas Keuchel,9434,572971
2013,Justin Verlander,DET,8.945037751,3.091602909,2.89333333,0.78320607,0.23459459,0.08108108,0.15351351,0.250591017,1.314503756,0.316393443,0.74508321,85.62000062,82.38066769,92.49454737,3.462595259,3.276861999,0.18573326,3.666061649,3.610679726,Justin Verlander,8700,434378
2016,David Price,BOS,8.92173913,1.956521739,4.56,1.173913043,0.23974763,0.05257624,0.1871714,0.253914989,1.204347826,0.309748428,0.73553719,90.582564,85.79641338,82.57833961,3.991304348,3.603082122,0.388222226,3.515096756,3.596240472,David Price,3184,456034
2019,Blake Snell,TBR,12.36448686,3.364486221,3.675,1.177570177,0.33333333,0.09070295,0.24263039,0.24,1.271028128,0.343096234,0.71550256,97.96939747,76.09969162,72.53004051,4.289719932,3.316813221,0.972906711,3.307633176,3.56252071,Blake Snell,13543,605483
2010,Clayton Kershaw,LAD,9.337683756,3.567699926,2.61728395,0.572593815,0.25,0.09551887,0.15448113,0.210526316,1.17944538,0.274766355,0.76153177,75.8783323,79.7572225,91.12626389,2.907014754,3.121888104,-0.21487335,3.639566869,3.541588747,Clayton Kershaw,2036,477132
2016,Corey Kluber,CLE,9.502325581,2.386046512,3.98245614,0.920930233,0.26395349,0.06627907,0.19767442,0.213567839,1.055813953,0.270566728,0.7480315,71.69638294,75.96813287,82.23365016,3.139534884,3.25818829,-0.118653406,3.500592716,3.501632833,Corey Kluber,2429,446372
2010,Justin Verlander,DET,8.786032889,2.848439886,3.08450704,0.561664203,0.23675676,0.07675676,0.16,0.224056604,1.163447277,0.286178862,0.71948262,79.97234307,70.48547738,84.15329653,3.369985218,2.966401116,0.403584101,3.516074358,3.455741305,Justin Verlander,8700,434378
2018,Clayton Kershaw,LAD,8.64669367,1.617768493,5.34482759,0.948347048,0.23846154,0.04461538,0.19384615,0.224555735,1.041322248,0.272930649,0.78659371,71.0540006,79.20365737,78.19726971,2.733470902,3.185224963,-0.451754061,3.187186263,3.448157213,Clayton Kershaw,2036,477132
2017,Jacob deGrom,NYM,10.68377429,2.637417085,4.05084746,1.251655566,0.28899637,0.0713422,0.21765417,0.234986945,1.187086033,0.304609218,0.76313181,86.38911823,82.60532172,74.80222441,3.531456775,3.500354909,0.031101867,3.229720631,3.4445259,Jacob deGrom,10954,594798
2016,Justin Verlander,DET,10.04099538,2.25329424,4.45614035,1.185944337,0.28128461,0.06312292,0.21816168,0.204057279,1.001464106,0.254512635,0.79896907,72.12781359,80.8627319,88.96012133,3.043923797,3.484774138,-0.440850341,3.783633013,3.417700743,Justin Verlander,8700,434378
2015,Félix Hernández,SEA,8.523966082,2.588429491,3.29310345,1.026446177,0.23123487,0.07021792,0.16101695,0.23715415,1.18016517,0.288073394,0.77746741,91.27364259,93.50977718,82.3566058,3.525619479,3.718717658,-0.193098179,3.333681859,3.381232359,Felix Hernandez,4772,433587
2013,David Price,TBR,7.28035754,1.301785785,5.59259259,0.771428613,0.20405405,0.03648649,0.16756757,0.250704225,1.098214346,0.298342541,0.70043103,86.36195571,78.08999436,82.47828731,3.326785896,3.026425803,0.300360092,3.266095641,3.357512191,David Price,3184,456034
2012,Justin Verlander,DET,9.025175018,2.265734314,3.98333333,0.717482533,0.25,0.06276151,0.18723849,0.215488215,1.05734268,0.273301738,0.76388889,63.39528598,70.22436647,79.84330959,2.6433567,2.943403141,-0.300046441,3.311631775,3.327256688,Justin Verlander,8700,434378
2013,Rick Porcello,DET,7.220338905,2.135593197,3.38095238,0.915254227,0.19293478,0.05706522,0.13586957,0.267727931,1.282485862,0.314500942,0.69824219,106.8714399,88.64395273,80.67279112,4.322033852,3.528080359,0.793953492,3.19399916,3.314966947,Rick Porcello,2717,519144
2012,Clayton Kershaw,LAD,9.052709043,2.490483274,3.63492063,0.632503689,0.25416204,0.06992231,0.18423973,0.204081633,1.023426107,0.261904762,0.77922078,66.7661591,74.27755887,83.31309269,2.530014754,2.892402306,-0.362387551,3.249263456,3.311666399,Clayton Kershaw,2036,477132
2018,Blake Snell,TBR,11.00922571,3.188192061,3.453125,0.797048015,0.31571429,0.09142857,0.22428571,0.176377953,0.974169797,0.24120603,0.87968952,46.13955279,72.42198923,74.74292536,1.892989036,2.944564405,-1.051575368,3.155398271,3.299520815,Blake Snell,13543,605483
2019,Jacob deGrom,NYM,11.25,1.941176471,5.79545455,0.838235294,0.31716418,0.05472637,0.26243781,0.204515272,0.970588235,0.281837161,0.81838565,59.25662588,61.54418247,69.88716206,2.426470588,2.674793789,-0.248323201,3.111930035,3.28748725,Jacob deGrom,10954,594798
2012,Félix Hernández,SEA,8.650862069,2.172413793,3.98214286,0.543103448,0.23748669,0.05963791,0.17784878,0.239954076,1.142241379,0.307570978,0.74980575,80.06286957,70.63445794,77.18949058,3.064655172,2.835831405,0.228823767,3.203165994,3.274886815,Felix Hernandez,4772,433587
2015,David Price,- - -,9.190619848,1.919818368,4.78723404,0.694402389,0.25337838,0.05292793,0.20045045,0.22673031,1.075642916,0.290268456,0.78630897,60.12612421,67.45068292,79.99104933,2.450831959,2.775046111,-0.324214152,3.238764463,3.267244442,David Price,3184,456034
2011,David Price,TBR,8.745913422,2.527488741,3.46031746,0.882615116,0.23747277,0.06862745,0.16884532,0.226950355,1.136701286,0.280528053,0.73327616,89.90310727,83.89870942,82.09260115,3.490341595,3.319591324,0.170750271,3.315893299,3.258452875,David Price,3184,456034
2013,Corey Kluber,CLE,8.307691734,2.015836965,4.12121212,0.916289529,0.22368421,0.05427632,0.1694079,0.268421053,1.262443352,0.329355609,0.72941176,96.85198618,83.35065484,78.25450096,3.848416024,3.29898558,0.549430444,3.097432792,3.248137727,Corey Kluber,2429,446372
2012,R.A. Dickey,NYM,8.858773567,2.079885968,4.25925926,0.924393763,0.24811219,0.05825243,0.18985976,0.222222222,1.052781786,0.275409836,0.79945799,72.67000024,83.5550982,83.75663331,2.734664884,3.269915726,-0.535250842,3.266787959,3.247509816,R.A. Dickey,1245,285079
2018,Corey Kluber,CLE,9.293023256,1.423255814,6.52941176,1.046511628,0.26365796,0.04038005,0.22327791,0.222360248,0.990697674,0.275985663,0.77900552,65.73588574,74.01426877,72.95010271,2.888372093,3.123222273,-0.23485018,3.078843128,3.232605781,Corey Kluber,2429,446372
2012,David Price,TBR,8.744076462,2.51658786,3.47457627,0.682464504,0.24521531,0.07057416,0.17464115,0.224093264,1.099526146,0.284936479,0.81081081,65.98167253,74.79997974,75.12957333,2.559241891,3.047058727,-0.487816835,3.118973917,3.232571989,David Price,3184,456034
2011,Félix Hernández,SEA,8.550641754,2.580599088,3.31343284,0.731811682,0.23029046,0.06950207,0.16078838,0.24494382,1.219686136,0.306625578,0.72720422,90.65124971,80.36562102,78.04361421,3.466476387,3.132376298,0.334100089,3.150570857,3.211037923,Felix Hernandez,4772,433587
2014,Jacob deGrom,NYM,9.235154729,2.757719815,3.34883721,0.448931133,0.25486726,0.07610619,0.17876106,0.224568138,1.140142559,0.297297297,0.77380952,77.19793265,71.82265285,82.01133317,2.693586796,2.669069254,0.024517542,3.033452983,3.191676125,Jacob deGrom,10954,594798
2010,Félix Hernández,SEA,8.363150697,2.523364435,3.31428571,0.612817077,0.23176823,0.06993007,0.16183816,0.210184182,1.057409858,0.262611276,0.7735697,58.57758492,75.28903833,75.06379212,2.271027991,3.041794363,-0.770766372,3.139802087,3.182342683,Felix Hernandez,4772,433587
2014,Dallas Keuchel,HOU,6.569999499,2.159999835,3.04166667,0.494999962,0.18069307,0.05940594,0.12128713,0.248339973,1.17499991,0.295302013,0.75463372,78.30900459,85.32843566,84.60337309,2.924999777,3.212252163,-0.287252386,3.20174828,3.10603706,Dallas Keuchel,9434,572971
2012,Max Scherzer,DET,11.07815335,2.87744243,3.85,1.103019598,0.2935197,0.07623888,0.21728081,0.247922438,1.273534705,0.333333333,0.76487252,89.71213437,78.02433237,77.8126675,3.740675158,3.264967202,0.475707956,3.228636221,3.06506687,Max Scherzer,3137,453286
2016,Max Scherzer,WSN,11.19416083,2.207299319,5.07142857,1.221897837,0.31485588,0.06208426,0.25277162,0.196428571,0.967883233,0.255238095,0.81699346,69.6322146,78.46679801,81.74312929,2.956204445,3.238531188,-0.282326742,3.370164158,3.045684664,Max Scherzer,3137,453286
2017,Clayton Kershaw,LAD,10.38857233,1.542857277,6.73333333,1.182857246,0.29749632,0.04418262,0.2533137,0.209553159,0.948571511,0.266509434,0.87443946,55.82702962,72.46759348,65.75960675,2.314285916,3.071925401,-0.757639485,2.837222028,3.036606458,Clayton Kershaw,2036,477132
2015,Jacob deGrom,NYM,9.659686636,1.790576059,5.39473684,0.753926762,0.27296937,0.0505992,0.22237017,0.209563994,0.97905767,0.271428571,0.78031212,68.4291609,70.22314673,75.42771785,2.544502821,2.704274344,-0.159771523,2.92097024,2.99335078,Jacob deGrom,10954,594798
2013,Clayton Kershaw,LAD,8.847457627,1.983050847,4.46153846,0.419491525,0.25550661,0.05726872,0.19823789,0.192262603,0.915254237,0.250819672,0.80550098,51.14735383,63.62388663,76.17175281,1.830508475,2.386837427,-0.556328952,2.87498565,2.98854361,Clayton Kershaw,2036,477132
2015,Corey Kluber,CLE,9.93243175,1.824324199,5.44444444,0.891891831,0.2765237,0.05079007,0.22573364,0.227710843,1.054053982,0.296625222,0.71428571,84.92509956,73.15411337,75.18231872,3.486486247,2.971431599,0.515054648,3.04581528,2.982509305,Corey Kluber,2429,446372
2011,Justin Verlander,DET,8.964142881,2.043824577,4.38596491,0.860557717,0.25799794,0.05882353,0.19917441,0.191419142,0.920318669,0.236220472,0.80339321,57.5636121,73.85759129,77.34040449,2.402390292,2.993513778,-0.591123486,3.121858404,2.98145756,Justin Verlander,8700,434378
2014,Max Scherzer,DET,10.29349423,2.573373557,4,0.735249588,0.27876106,0.06969027,0.2090708,0.234730539,1.175491625,0.315044248,0.77147623,81.59286069,74.63099976,82.59300361,3.145234348,2.846321773,0.298912575,3.124963148,2.977751194,Max Scherzer,3137,453286
2017,Max Scherzer,WSN,12.01993325,2.466777346,4.87272727,0.986710938,0.34358974,0.07051282,0.27307692,0.176470588,0.901993333,0.245283019,0.80645161,56.67089654,65.85275122,75.99765706,2.511627843,2.898503488,-0.386875645,3.281608885,2.976355347,Max Scherzer,3137,453286
2019,Justin Verlander,HOU,12.10762415,1.695067381,7.14285714,1.452914898,0.35419126,0.04958678,0.30460449,0.17146433,0.802690638,0.218142549,0.88410104,57.24857662,72.17119945,69.68351359,2.582959818,3.267821139,-0.684861321,3.176212717,2.951605261,Justin Verlander,8700,434378
2019,Max Scherzer,WSN,12.69052262,1.723404306,7.36363636,0.940038712,0.35064935,0.04761905,0.3030303,0.220520674,1.027079334,0.321428571,0.78715365,65.64143753,54.14939557,64.59433382,2.924564883,2.448052006,0.476512877,2.879349379,2.931383188,Max Scherzer,3137,453286
2013,Max Scherzer,DET,10.07776074,2.351477505,4.28571429,0.755832055,0.28708134,0.06698565,0.22009569,0.195876289,0.970451034,0.258687259,0.74411135,71.64326817,68.99389429,79.79118904,2.897356212,2.739922798,0.157433414,3.158795316,2.90939682,Max Scherzer,3137,453286
2010,Roy Halladay,PHI,7.863031755,1.077127638,7.3,0.86170211,0.22054381,0.03021148,0.19033233,0.24137931,1.041223383,0.289915966,0.8269066,60.59758741,75.22372148,70.24543859,2.441489312,3.006033917,-0.564544605,2.799082366,2.883465259,Roy Halladay,1303,136880
2015,Dallas Keuchel,HOU,8.379309794,1.978448146,4.23529412,0.659482715,0.23710209,0.05598244,0.18111965,0.215617716,1.017241312,0.2688,0.79365079,64.002492,72.15060268,67.85859605,2.482758457,2.909455834,-0.426697376,2.751952633,2.839080517,Dallas Keuchel,9434,572971
2014,Jake Arrieta,CHC,9.59361671,2.355319072,4.07317073,0.287234033,0.27198697,0.06677524,0.20521173,0.2,0.98936167,0.273869347,0.74172185,69.38570628,60.71480947,73.62999774,2.527659492,2.257784112,0.26987538,2.726469036,2.829452895,Jake Arrieta,4153,453562
2011,Clayton Kershaw,LAD,9.565713869,2.082857052,4.59259259,0.578571403,0.27192982,0.05921053,0.2127193,0.203508772,0.977142815,0.268581081,0.78571429,62.42417653,64.61904852,73.63180835,2.275714187,2.468243453,-0.192529266,2.843920129,2.800881852,Clayton Kershaw,2036,477132
2018,Jacob deGrom,NYM,11.15668203,1.907834101,5.84782609,0.414746544,0.32215569,0.05508982,0.26706587,0.193877551,0.912442396,0.281188119,0.82010582,44.6153121,49.27563156,63.72625288,1.700460829,1.985316368,-0.284855539,2.604018745,2.783694352,Jacob deGrom,10954,594798
2011,Roy Halladay,PHI,8.473608945,1.34807415,6.28571429,0.385164043,0.2357985,0.0375134,0.1982851,0.232662192,1.039942916,0.298192771,0.78111588,61.0892084,56.02469449,70.06237491,2.349500662,2.199423394,0.150077268,2.70757865,2.777406457,Roy Halladay,1303,136880
2013,Félix Hernández,SEA,9.513865758,2.026101041,4.69565217,0.660685122,0.26277372,0.05596107,0.20681265,0.239327296,1.130505653,0.313653137,0.75117371,79.06009093,67.10006851,67.19880657,3.039151562,2.607397628,0.431753934,2.655960434,2.772066358,Felix Hernandez,4772,433587
2015,Jake Arrieta,CHC,9.275108552,1.886462756,4.91666667,0.393013074,0.27126437,0.05517241,0.21609195,0.183823529,0.864628763,0.245614035,0.8,45.02821614,60.56101946,67.50642287,1.768558834,2.347567602,-0.579008767,2.611156891,2.745919552,Jake Arrieta,4153,453562
2014,David Price,- - -,9.821476409,1.377181194,7.13157895,0.906040259,0.26858276,0.03766105,0.23092171,0.238095238,1.07919462,0.305970149,0.72689076,86.78357719,74.70513856,72.99079296,3.261744933,2.777889756,0.483855177,2.758211157,2.718299598,David Price,3184,456034
2018,Max Scherzer,WSN,12.23565011,2.080060519,5.88235294,0.938066509,0.34642032,0.05889145,0.28752887,0.186799502,0.910876175,0.264583333,0.8130531,61.7115751,63.96143335,75.14725457,2.528701023,2.652878682,-0.124177659,3.0642737,2.709519529,Max Scherzer,3137,453286
2017,Corey Kluber,CLE,11.71031155,1.590834777,7.36111111,0.927986953,0.34105534,0.04633205,0.2947233,0.191576087,0.869067147,0.266666667,0.82568807,49.43390574,56.58196148,57.23815728,2.2536826,2.499701854,-0.246019254,2.521766255,2.68195442,Corey Kluber,2429,446372
2018,Justin Verlander,HOU,12.19626081,1.556074655,7.83783784,1.177570009,0.34813926,0.04441777,0.30372149,0.197969543,0.901869095,0.272340426,0.85290482,61.54731135,67.44602972,71.89063039,2.523364306,2.78192693,-0.258562624,3.033602705,2.629900391,Justin Verlander,8700,434378
2015,Max Scherzer,WSN,10.86297279,1.338192301,8.11764706,1.062682121,0.30700779,0.0378198,0.26918799,0.204651163,0.918367265,0.267504488,0.79571106,70.92213964,72.32050378,74.46528197,2.794460393,2.766246844,0.028213549,2.883327975,2.625781344,Max Scherzer,3137,453286
2014,Corey Kluber,CLE,10.27298488,1.947666279,5.2745098,0.534653488,0.28286015,0.05362776,0.22923239,0.231543624,1.094766667,0.315875614,0.78559738,63.03170156,61.90962338,67.96312657,2.444130233,2.347245063,0.09688517,2.566181766,2.612152636,Corey Kluber,2429,446372
2014,Félix Hernández,SEA,9.457627119,1.754237288,5.39130435,0.610169492,0.27192982,0.0504386,0.22149123,0.197444832,0.915254237,0.257956449,0.77039275,58.08175407,68.95529621,66.53310941,2.13559322,2.56021827,-0.42462505,2.511562922,2.500133086,Felix Hernandez,4772,433587
2016,Clayton Kershaw,LAD,10.38926174,0.66442953,15.63636364,0.483221477,0.31617647,0.02022059,0.29595588,0.1826742,0.724832215,0.253561254,0.79959514,42.44137837,44.8528833,55.72062466,1.691275168,1.797567094,-0.106291926,2.284504538,2.413328446,Clayton Kershaw,2036,477132
2015,Clayton Kershaw,LAD,11.64326622,1.624641798,7.16666667,0.580229214,0.33820225,0.04719101,0.29101124,0.193357058,0.881088806,0.280834915,0.78306878,56.95589032,52.63406868,54.20449876,2.127507117,1.990327299,0.137179817,2.090899323,2.234749835,Clayton Kershaw,2036,477132
2014,Clayton Kershaw,LAD,10.8453776,1.406722617,7.70967742,0.40840334,0.31909212,0.04138852,0.2777036,0.194134078,0.857142813,0.277777778,0.81555834,51.06096971,49.40234188,55.84547557,1.769747808,1.811243833,-0.041496025,2.0750737,2.087369798,Clayton Kershaw,2036,477132
